#,Title,Date,ReadCount,
0,Title0,Date0,RC0,
1,Title1,Date1,RC1,
2,Title2,Date2,RC2,
3,Title3,Date3,RC3,
4,Title4,Date4,RC4,
5,Title5,Date5,RC5,
6,Title6,Date6,RC6,
7,Title7,Date7,RC7,
8,Title8,Date8,RC8,
9,Title9,Date9,RC9,
10,Title10,Date10,RC10,
11,Title11,Date11,RC11,
12,Title12,Date12,RC12,
13,Title13,Date13,RC13,
14,Title14,Date14,RC14,
15,Title15,Date15,RC15,
16,Title16,Date16,RC16,
17,Title17,Date17,RC17,
18,Title18,Date18,RC18,
19,Title19,Date19,RC19,
20,Title20,Date20,RC20,
21,Title21,Date21,RC21,
22,Title22,Date22,RC22,
23,Title23,Date23,RC23,
24,Title24,Date24,RC24,
25,Title25,Date25,RC25,
26,Title26,Date26,RC26,
27,Title27,Date27,RC27,
28,Title28,Date28,RC28,
29,Title29,Date29,RC29,
30,Title30,Date30,RC30,
31,Title31,Date31,RC31,
32,Title32,Date32,RC32,
33,Title33,Date33,RC33,
34,Title34,Date34,RC34,
35,Title35,Date35,RC35,
36,Title36,Date36,RC36,
37,Title37,Date37,RC37,
38,Title38,Date38,RC38,
39,Title39,Date39,RC39,
40,Title40,Date40,RC40,
41,Title41,Date41,RC41,
42,Title42,Date42,RC42,
43,Title43,Date43,RC43,
44,Title44,Date44,RC44,
45,Title45,Date45,RC45,
46,Title46,Date46,RC46,
47,Title47,Date47,RC47,
48,Title48,Date48,RC48,
49,Title49,Date49,RC49,
50,Title50,Date50,RC50,
51,Title51,Date51,RC51,
52,Title52,Date52,RC52,
53,Title53,Date53,RC53,
54,Title54,Date54,RC54,
55,Title55,Date55,RC55,
56,Title56,Date56,RC56,
57,Title57,Date57,RC57,
58,Title58,Date58,RC58,
59,Title59,Date59,RC59,
60,Title60,Date60,RC60,
61,Title61,Date61,RC61,
62,Title62,Date62,RC62,
63,Title63,Date63,RC63,
64,Title64,Date64,RC64,
65,Title65,Date65,RC65,
66,Title66,Date66,RC66,
67,Title67,Date67,RC67,
68,Title68,Date68,RC68,
69,Title69,Date69,RC69,
70,Title70,Date70,RC70,
71,Title71,Date71,RC71,
72,Title72,Date72,RC72,
73,Title73,Date73,RC73,
74,Title74,Date74,RC74,
75,Title75,Date75,RC75,
76,Title76,Date76,RC76,
77,Title77,Date77,RC77,
78,Title78,Date78,RC78,
79,Title79,Date79,RC79,
80,Title80,Date80,RC80,
81,Title81,Date81,RC81,
82,Title82,Date82,RC82,
83,Title83,Date83,RC83,
84,Title84,Date84,RC84,
85,Title85,Date85,RC85,
86,Title86,Date86,RC86,
87,Title87,Date87,RC87,
88,Title88,Date88,RC88,
89,Title89,Date89,RC89,
90,Title90,Date90,RC90,
91,Title91,Date91,RC91,
92,Title92,Date92,RC92,
93,Title93,Date93,RC93,
94,Title94,Date94,RC94,
95,Title95,Date95,RC95,
96,Title96,Date96,RC96,
97,Title97,Date97,RC97,
98,Title98,Date98,RC98,
99,Title99,Date99,RC99,
